id;nombre;apellido;direccion;activo
1;Card;transform;generating enterprise Surinam;53594
2;artificial world-class;Wooden;AGP Savings local;9701
3;Vermont matrix;redundant policy out-of-the-box;productivity Product override;73563
4;Soft;payment digital;CSS transitional;22534
5;Avon navigate transitional;Intelligent Cambridgeshire background;invoice;63397
6;set;lime New seamless;Indonesia;70797
7;online;Chicken;Cambridgeshire deposit payment;52451
8;Soap;bandwidth;synergize framework;98872
9;Bedfordshire Account;CSS synergy;wireless;27114
10;payment microchip;Salad Loan mobile;Security Wooden Loan;19738
